cement,superplasticizer,age,concrete_compressive_strength
540.0,2.5,28,79.99
540.0,2.5,28,61.89
332.5,0.0,270,40.27
332.5,0.0,365,41.05
198.6,0.0,360,44.3
266.0,0.0,90,47.03
380.0,0.0,365,43.7
380.0,0.0,28,36.45
266.0,0.0,28,45.85
475.0,0.0,28,39.29
198.6,0.0,90,38.07
198.6,0.0,28,28.02
427.5,0.0,270,43.01
190.0,0.0,90,42.33
304.0,0.0,28,47.81
380.0,0.0,90,52.91
139.6,0.0,90,39.36
342.0,0.0,365,56.14
380.0,0.0,90,40.56
475.0,0.0,180,42.62
427.5,0.0,180,41.84
139.6,0.0,28,28.24
139.6,0.0,3,8.06
139.6,0.0,180,44.21
380.0,0.0,365,52.52
380.0,0.0,270,53.3
380.0,0.0,270,41.15
342.0,0.0,180,52.12
427.5,0.0,28,37.43
475.0,0.0,7,38.6
304.0,0.0,365,55.26
266.0,0.0,365,52.91
198.6,0.0,180,41.72
475.0,0.0,270,42.13
190.0,0.0,365,53.69
237.5,0.0,270,38.41
237.5,0.0,28,30.08
332.5,0.0,90,37.72
475.0,0.0,90,42.23
237.5,0.0,180,36.25
342.0,0.0,90,50.46
427.5,0.0,365,43.7
237.5,0.0,365,39.0
380.0,0.0,180,53.1
427.5,0.0,90,41.54
427.5,0.0,7,35.08
349.0,0.0,3,15.05
380.0,0.0,180,40.76
237.5,0.0,7,26.26
380.0,0.0,7,32.82
332.5,0.0,180,39.78
190.0,0.0,180,46.93
237.5,0.0,90,33.12
304.0,0.0,90,49.19
139.6,0.0,7,14.59
198.6,0.0,7,14.64
475.0,0.0,365,41.93
198.6,0.0,3,9.13
304.0,0.0,180,50.95
332.5,0.0,28,33.02
304.0,0.0,270,54.38
266.0,0.0,270,51.73
310.0,0.0,3,9.87
190.0,0.0,270,50.66
266.0,0.0,180,48.7
342.0,0.0,270,55.06
139.6,0.0,360,44.7
332.5,0.0,7,30.28
190.0,0.0,28,40.86
485.0,0.0,28,71.99
374.0,10.1,3,34.4
313.3,8.6,3,28.8
425.0,16.5,3,33.4
425.0,18.6,3,36.3
375.0,23.4,3,29.0
475.0,8.9,3,37.8
469.0,32.2,3,40.2
388.6,12.1,3,28.1
531.3,28.2,3,41.3
318.8,14.3,3,25.2
401.8,11.4,3,41.1
362.6,11.6,3,35.3
323.7,10.3,3,28.3
379.5,15.9,3,28.6
286.3,11.2,3,24.4
439.0,11.1,3,39.3
389.9,22.0,3,40.6
337.9,9.5,3,24.1
374.0,10.1,7,46.2
313.3,8.6,7,42.8
425.0,16.5,7,49.2
425.0,18.6,7,46.8
375.0,23.4,7,45.7
475.0,8.9,7,55.6
469.0,32.2,7,54.9
388.6,12.1,7,34.9
531.3,28.2,7,46.9
318.8,14.3,7,33.4
401.8,11.4,7,54.1
362.6,11.6,7,55.9
323.7,10.3,7,49.8
379.5,15.9,7,47.1
286.3,11.2,7,38.0
439.0,11.1,7,56.1
389.9,22.0,7,59.09
362.6,11.6,7,22.9
337.9,9.5,7,35.1
374.0,10.1,28,61.09
313.3,8.6,28,59.8
425.0,16.5,28,60.29
425.0,18.6,28,61.8
375.0,23.4,28,56.7
475.0,8.9,28,68.3
469.0,32.2,28,66.9
388.6,12.1,28,50.7
531.3,28.2,28,56.4
318.8,14.3,28,55.5
401.8,11.4,28,68.5
362.6,11.6,28,71.3
323.7,10.3,28,74.7
379.5,15.9,28,52.2
286.3,11.2,28,67.7
439.0,11.1,28,66.0
389.9,22.0,28,74.5
337.9,9.5,28,49.9
374.0,10.1,56,63.4
313.3,8.6,56,64.9
425.0,16.5,56,64.3
425.0,18.6,56,64.9
375.0,23.4,56,60.2
475.0,8.9,56,72.3
469.0,32.2,56,69.3
388.6,12.1,56,55.2
531.3,28.2,56,58.8
318.8,14.3,56,66.1
401.8,11.4,56,73.7
362.6,11.6,56,77.3
323.7,10.3,56,80.2
379.5,15.9,56,54.9
286.3,11.2,56,72.99
439.0,11.1,56,71.7
389.9,22.0,56,79.4
337.9,9.5,56,59.89
374.0,10.1,91,64.9
313.3,8.6,91,66.6
425.0,16.5,91,65.2
425.0,18.6,91,66.7
375.0,23.4,91,62.5
475.0,8.9,91,74.19
469.0,32.2,91,70.7
388.6,12.1,91,57.6
531.3,28.2,91,59.2
318.8,14.3,91,68.1
401.8,11.4,91,75.5
362.6,11.6,91,79.3
379.5,15.9,91,56.5
286.3,11.2,91,76.8
439.0,11.1,91,73.3
389.9,22.0,91,82.6
337.9,9.5,91,67.8
222.4,4.5,3,11.58
222.4,4.5,14,24.45
222.4,4.5,28,24.89
222.4,4.5,56,29.45
222.4,4.5,100,40.71
233.8,4.6,3,10.38
233.8,4.6,14,22.14
233.8,4.6,28,22.84
233.8,4.6,56,27.66
233.8,4.6,100,34.56
194.7,7.5,3,12.45
194.7,7.5,14,24.99
194.7,7.5,28,25.72
194.7,7.5,56,33.96
194.7,7.5,100,37.34
190.7,7.8,3,15.04
190.7,7.8,14,21.06
190.7,7.8,28,26.4
190.7,7.8,56,35.34
190.7,7.8,100,40.57
212.1,5.7,3,12.47
212.1,5.7,14,20.92
212.1,5.7,28,24.9
212.1,5.7,56,34.2
212.1,5.7,100,39.61
230.0,4.6,3,10.03
230.0,4.6,14,20.08
230.0,4.6,28,24.48
230.0,4.6,56,31.54
230.0,4.6,100,35.34
190.3,9.9,3,9.45
190.3,9.9,14,22.72
190.3,9.9,28,28.47
190.3,9.9,56,38.56
190.3,9.9,100,40.39
166.1,4.5,3,10.76
166.1,4.5,14,25.48
166.1,4.5,28,21.54
166.1,4.5,56,28.63
166.1,4.5,100,33.54
168.0,5.7,3,7.75
168.0,5.7,14,17.82
168.0,5.7,28,24.24
168.0,5.7,56,32.85
168.0,5.7,100,39.23
213.7,6.9,3,18.0
213.7,6.9,14,30.39
213.7,6.9,28,45.71
213.7,6.9,56,50.77
213.7,6.9,100,53.9
213.8,6.7,3,13.18
213.8,6.7,14,17.84
213.8,6.7,28,40.23
213.8,6.7,56,47.13
213.8,6.7,100,49.97
229.7,6.1,3,13.36
229.7,6.1,14,22.32
229.7,6.1,28,24.54
229.7,6.1,56,31.35
229.7,6.1,100,40.86
238.1,7.0,3,19.93
238.1,7.0,14,25.69
238.1,7.0,28,30.23
238.1,7.0,56,39.59
238.1,7.0,100,44.3
250.0,5.5,3,13.82
250.0,5.5,14,24.92
250.0,5.5,28,29.22
250.0,5.5,56,38.33
250.0,5.5,100,42.35
212.5,8.7,3,13.54
212.5,8.7,14,26.31
212.5,8.7,28,31.64
212.5,8.7,56,42.55
212.5,8.7,100,42.92
212.6,10.4,3,13.33
212.6,10.4,14,25.37
212.6,10.4,28,37.4
212.6,10.4,56,44.4
212.6,10.4,100,47.74
212.0,7.8,3,19.52
212.0,7.8,14,31.35
212.0,7.8,28,38.5
212.0,7.8,56,45.08
212.0,7.8,100,47.82
231.8,6.7,3,15.44
231.8,6.7,14,26.77
231.8,6.7,28,33.73
231.8,6.7,56,42.7
231.8,6.7,100,45.84
251.4,5.8,3,17.22
251.4,5.8,14,29.93
251.4,5.8,28,29.65
251.4,5.8,56,36.97
251.4,5.8,100,43.58
251.4,6.4,3,13.12
251.4,6.4,14,24.43
251.4,6.4,28,32.66
251.4,6.4,56,36.64
251.4,6.4,100,44.21
181.4,7.6,3,13.62
181.4,7.6,14,21.6
181.4,7.6,28,27.77
181.4,7.6,56,35.57
181.4,7.6,100,45.37
182.0,8.2,3,7.32
182.0,8.2,14,21.5
182.0,8.2,28,31.27
182.0,8.2,56,43.5
182.0,8.2,100,48.67
168.9,10.8,3,7.4
168.9,10.8,14,23.51
168.9,10.8,28,31.12
168.9,10.8,56,39.15
168.9,10.8,100,48.15
290.4,9.4,3,22.5
290.4,9.4,14,34.67
290.4,9.4,28,34.74
290.4,9.4,56,45.08
290.4,9.4,100,48.97
277.1,11.8,3,23.14
277.1,11.8,14,41.89
277.1,11.8,28,48.28
277.1,11.8,56,51.04
277.1,11.8,100,55.64
295.7,8.9,3,22.95
295.7,8.9,14,35.23
295.7,8.9,28,39.94
295.7,8.9,56,48.72
295.7,8.9,100,52.04
251.8,12.4,3,21.02
251.8,12.4,14,33.36
251.8,12.4,28,33.94
251.8,12.4,56,44.14
251.8,12.4,100,45.37
249.1,12.8,3,15.36
249.1,12.8,14,28.68
249.1,12.8,28,30.85
249.1,12.8,56,42.03
249.1,12.8,100,51.06
252.3,14.2,3,21.78
252.3,14.2,14,42.29
252.3,14.2,28,50.6
252.3,14.2,56,55.83
252.3,14.2,100,60.95
246.8,12.0,3,23.52
246.8,12.0,14,42.22
246.8,12.0,28,52.5
246.8,12.0,56,60.32
246.8,12.0,100,66.42
275.1,9.9,3,23.8
275.1,9.9,14,38.77
275.1,9.9,28,51.33
275.1,9.9,56,56.85
275.1,9.9,100,58.61
297.2,9.5,3,21.91
297.2,9.5,14,36.99
297.2,9.5,28,47.4
297.2,9.5,56,51.96
297.2,9.5,100,56.74
213.7,10.2,3,17.57
213.7,10.2,14,33.73
213.7,10.2,28,40.15
213.7,10.2,56,46.64
213.7,10.2,100,50.08
213.5,11.7,3,17.37
213.5,11.7,14,33.7
213.5,11.7,28,45.94
213.5,11.7,56,51.43
213.5,11.7,100,59.3
277.2,11.2,3,30.45
277.2,11.2,14,47.71
277.2,11.2,28,63.14
277.2,11.2,56,66.82
277.2,11.2,100,66.95
218.2,11.9,3,27.42
218.2,11.9,14,35.96
218.2,11.9,28,55.51
218.2,11.9,56,61.99
218.2,11.9,100,63.53
214.9,9.6,3,18.02
214.9,9.6,14,38.6
214.9,9.6,28,52.2
214.9,9.6,56,53.96
214.9,9.6,100,56.63
218.9,11.3,3,15.34
218.9,11.3,14,26.05
218.9,11.3,28,30.22
218.9,11.3,56,37.27
218.9,11.3,100,46.23
376.0,0.0,3,16.28
376.0,0.0,14,25.62
376.0,0.0,28,31.97
376.0,0.0,56,36.3
376.0,0.0,100,43.06
500.0,4.0,28,67.57
475.0,1.9,28,57.23
315.0,5.9,28,81.75
505.0,0.0,28,64.02
451.0,11.3,28,78.8
516.0,8.2,28,41.37
520.0,5.2,28,60.28
528.0,6.9,28,56.83
520.0,5.2,28,51.02
385.0,20.0,28,55.55
500.1,3.0,28,44.13
450.1,3.0,28,39.38
397.0,20.8,28,55.65
333.0,17.9,28,47.28
334.0,15.3,28,44.33
405.0,0.0,28,52.3
200.0,0.0,28,49.25
516.0,8.3,28,41.37
145.0,5.7,28,29.16
160.0,6.4,28,39.4
234.0,5.9,28,39.3
250.0,9.5,28,67.87
475.0,9.5,28,58.52
285.0,7.6,28,53.58
356.0,9.0,28,59.0
275.0,10.4,28,76.24
500.0,9.0,28,69.84
165.0,0.0,3,14.4
165.0,8.1,3,19.42
178.0,3.6,3,20.73
167.4,7.8,3,14.94
172.4,4.1,3,21.29
173.5,6.5,3,23.08
167.0,7.9,3,15.52
173.8,9.7,3,15.82
190.3,9.9,3,12.55
250.0,5.3,3,8.49
213.5,11.7,3,15.61
194.7,7.5,3,12.18
251.4,5.8,3,11.98
165.0,0.0,14,16.88
165.0,8.1,14,33.09
178.0,3.6,14,34.24
167.4,7.8,14,31.81
172.4,4.1,14,29.75
173.5,6.5,14,33.01
167.0,7.9,14,32.9
173.8,9.7,14,29.55
190.3,9.9,14,19.42
250.0,5.3,14,24.66
213.5,11.7,14,29.59
194.7,7.5,14,24.28
251.4,5.8,14,20.73
165.0,0.0,28,26.2
165.0,8.1,28,46.39
178.0,3.6,28,39.16
167.4,7.8,28,41.2
172.4,4.1,28,33.69
173.5,6.5,28,38.2
167.0,7.9,28,41.41
173.8,9.7,28,37.81
190.3,9.9,28,24.85
250.0,5.3,28,27.22
213.5,11.7,28,44.64
194.7,7.5,28,37.27
251.4,5.8,28,33.27
165.0,0.0,56,36.56
165.0,8.1,56,53.72
178.0,3.6,56,48.59
167.4,7.8,56,51.72
172.4,4.1,56,35.85
173.5,6.5,56,53.77
167.0,7.9,56,53.46
173.8,9.7,56,48.99
190.3,9.9,56,31.72
250.0,5.3,56,39.64
213.5,11.7,56,51.26
194.7,7.5,56,43.39
251.4,5.8,56,39.27
165.0,0.0,100,37.96
165.0,8.1,100,55.02
178.0,3.6,100,49.99
167.4,7.8,100,53.66
172.4,4.1,100,37.68
173.5,6.5,100,56.06
167.0,7.9,100,56.81
173.8,9.7,100,50.94
190.3,9.9,100,33.56
250.0,5.3,100,41.16
213.5,11.7,100,52.96
194.7,7.5,100,44.28
251.4,5.8,100,40.15
446.0,11.6,28,57.03
446.0,11.6,28,44.42
446.0,11.6,28,51.02
446.0,10.3,28,53.39
446.0,11.6,3,35.36
446.0,11.6,3,25.02
446.0,11.6,3,23.35
446.0,11.6,7,52.01
446.0,11.6,7,38.02
446.0,11.6,7,39.3
446.0,11.6,56,61.07
446.0,11.6,56,56.14
446.0,11.6,56,55.25
446.0,10.3,56,54.77
387.0,14.3,28,50.24
387.0,13.9,28,46.68
387.0,11.6,28,46.68
387.0,14.3,3,22.75
387.0,13.9,3,25.51
387.0,11.6,3,34.77
387.0,14.3,7,36.84
387.0,13.9,7,45.9
387.0,11.6,7,41.67
387.0,14.3,56,56.34
387.0,13.9,56,47.97
387.0,11.6,56,61.46
355.0,13.1,28,44.03
355.0,12.3,28,55.45
491.0,3.9,28,55.55
491.0,3.9,28,57.92
491.0,3.9,3,25.61
491.0,3.9,7,33.49
491.0,3.9,56,59.59
491.0,3.9,3,29.55
491.0,3.9,7,37.92
491.0,3.9,56,61.86
424.0,8.5,28,62.05
424.0,8.5,3,32.01
424.0,8.9,28,72.1
424.0,8.5,7,39.0
424.0,8.5,56,65.7
424.0,8.9,3,32.11
424.0,8.9,7,40.29
424.0,8.9,56,74.36
202.0,1.7,28,21.97
202.0,1.7,3,9.85
202.0,1.7,7,15.07
202.0,1.7,56,23.25
284.0,5.5,28,43.73
284.0,5.5,3,13.4
284.0,5.5,7,24.13
284.0,5.5,56,44.52
359.0,10.9,28,62.94
359.0,10.9,28,59.49
359.0,10.9,3,25.12
359.0,10.9,3,23.64
359.0,10.9,7,35.75
359.0,10.9,7,38.61
359.0,10.9,56,68.75
359.0,10.9,56,66.78
436.0,0.0,28,23.85
289.0,0.0,90,32.07
289.0,0.0,3,11.65
393.0,0.0,3,19.2
393.0,0.0,90,48.85
393.0,0.0,28,39.6
480.0,0.0,28,43.94
480.0,0.0,7,34.57
480.0,0.0,90,54.32
480.0,0.0,3,24.4
333.0,0.0,3,15.62
255.0,0.0,90,21.86
255.0,0.0,7,10.22
289.0,0.0,7,14.6
255.0,0.0,28,18.75
333.0,0.0,28,31.97
333.0,0.0,7,23.4
289.0,0.0,28,25.57
333.0,0.0,90,41.68
393.0,0.0,7,27.74
255.0,0.0,3,8.2
158.8,0.0,7,9.62
239.6,0.0,7,25.42
238.2,0.0,7,15.69
181.9,0.0,28,27.94
193.5,0.0,28,32.63
255.5,0.0,7,17.24
272.8,0.0,7,19.77
239.6,0.0,28,39.44
220.8,0.0,28,25.75
397.0,0.0,28,33.08
382.5,0.0,7,24.07
210.7,0.0,7,21.82
158.8,0.0,28,21.07
295.8,0.0,7,14.84
255.5,0.0,28,32.05
203.5,0.0,7,11.96
397.0,0.0,7,25.45
381.4,0.0,28,22.49
295.8,0.0,28,25.22
228.0,0.0,28,39.7
220.8,0.0,7,13.09
316.1,0.0,28,38.7
135.7,0.0,7,7.51
238.1,0.0,28,17.58
339.2,0.0,7,21.18
135.7,0.0,28,18.2
193.5,0.0,7,17.2
203.5,0.0,28,22.63
290.2,0.0,7,21.86
181.9,0.0,7,12.37
170.3,0.0,28,25.73
210.7,0.0,28,37.81
228.0,0.0,7,21.92
290.2,0.0,28,33.04
381.4,0.0,7,14.54
238.2,0.0,28,26.91
186.2,0.0,7,8.0
339.2,0.0,28,31.9
238.1,0.0,7,10.34
252.5,0.0,28,19.77
382.5,0.0,28,37.44
252.5,0.0,7,11.48
316.1,0.0,7,24.44
186.2,0.0,28,17.6
170.3,0.0,7,10.73
272.8,0.0,28,31.38
339.0,0.0,3,13.22
339.0,0.0,7,20.97
339.0,0.0,14,27.04
339.0,0.0,28,32.04
339.0,0.0,90,35.17
339.0,0.0,180,36.45
339.0,0.0,365,38.89
236.0,0.0,3,6.47
236.0,0.0,14,12.84
236.0,0.0,28,18.42
236.0,0.0,90,21.95
236.0,0.0,180,24.1
236.0,0.0,365,25.08
277.0,0.0,14,21.26
277.0,0.0,28,25.97
277.0,0.0,3,11.36
277.0,0.0,90,31.25
277.0,0.0,180,32.33
277.0,0.0,360,33.7
254.0,0.0,3,9.31
254.0,0.0,90,26.94
254.0,0.0,180,27.63
254.0,0.0,365,29.79
307.0,0.0,180,34.49
307.0,0.0,365,36.15
307.0,0.0,3,12.54
307.0,0.0,28,27.53
307.0,0.0,90,32.92
236.0,0.0,7,9.99
200.0,0.0,7,7.84
200.0,0.0,28,12.25
225.0,0.0,7,11.17
225.0,0.0,28,17.34
325.0,0.0,7,17.54
325.0,0.0,28,30.57
275.0,0.0,7,14.2
275.0,0.0,28,24.5
300.0,0.0,7,15.58
300.0,0.0,28,26.85
375.0,0.0,7,26.06
375.0,0.0,28,38.21
400.0,0.0,28,43.7
400.0,0.0,7,30.14
250.0,0.0,7,12.73
250.0,0.0,28,20.87
350.0,0.0,7,20.28
350.0,0.0,28,34.29
203.5,0.0,7,19.54
250.2,0.0,90,47.71
157.0,0.0,90,43.38
141.3,0.0,28,29.89
166.8,0.0,3,6.9
122.6,0.0,90,33.19
183.9,0.0,3,4.9
102.0,0.0,3,4.57
102.0,0.0,90,25.46
122.6,0.0,28,24.29
166.8,0.0,28,33.95
200.0,0.0,3,11.41
108.3,0.0,28,20.59
305.3,0.0,7,25.89
108.3,0.0,90,29.23
116.0,0.0,90,31.02
141.3,0.0,7,10.39
157.0,0.0,28,33.66
133.0,0.0,28,27.87
250.2,0.0,7,19.35
173.0,0.0,7,11.39
192.0,0.0,3,12.79
192.0,0.0,28,39.32
153.0,0.0,3,4.78
288.0,0.0,3,16.11
305.3,0.0,28,43.38
236.0,0.0,7,20.42
173.0,0.0,3,6.94
212.0,0.0,7,15.03
236.0,0.0,3,13.57
183.9,0.0,90,32.53
166.8,0.0,7,15.75
102.0,0.0,7,7.68
288.0,0.0,28,38.8
212.0,0.0,28,33.0
102.0,0.0,28,17.28
173.0,0.0,28,24.28
183.9,0.0,28,24.05
133.0,0.0,90,36.59
192.0,0.0,90,50.73
133.0,0.0,7,13.66
305.3,0.0,3,14.14
236.0,0.0,90,47.78
108.3,0.0,3,2.33
157.0,0.0,7,16.89
288.0,0.0,7,23.52
212.0,0.0,3,6.81
212.0,0.0,90,39.7
153.0,0.0,28,17.96
236.0,0.0,28,32.88
116.0,0.0,28,22.35
183.9,0.0,7,10.79
108.3,0.0,7,7.72
203.5,0.0,28,41.68
203.5,0.0,3,9.56
133.0,0.0,3,6.88
288.0,0.0,90,50.53
200.0,0.0,7,17.17
200.0,0.0,28,30.44
250.2,0.0,3,9.73
122.6,0.0,3,3.32
153.0,0.0,90,26.32
200.0,0.0,90,43.25
116.0,0.0,3,6.28
173.0,0.0,90,32.1
250.2,0.0,28,36.96
305.3,0.0,90,54.6
192.0,0.0,7,21.48
157.0,0.0,3,9.69
153.0,0.0,7,8.37
141.3,0.0,90,39.66
116.0,0.0,7,10.09
141.3,0.0,3,4.83
122.6,0.0,7,10.35
166.8,0.0,90,43.57
203.5,0.0,90,51.86
310.0,0.0,3,11.85
310.0,0.0,7,17.24
310.0,0.0,28,27.83
310.0,0.0,90,35.76
310.0,0.0,120,38.7
331.0,0.0,3,14.31
331.0,0.0,7,17.44
331.0,0.0,28,31.74
331.0,0.0,90,37.91
331.0,0.0,120,39.38
349.0,0.0,3,15.87
349.0,0.0,7,9.01
349.0,0.0,28,33.61
349.0,0.0,90,40.66
349.0,0.0,120,40.86
238.0,0.0,7,12.05
238.0,0.0,28,17.54
296.0,0.0,7,18.91
296.0,0.0,28,25.18
297.0,0.0,7,30.96
480.0,0.0,28,43.89
480.0,0.0,90,54.28
397.0,0.0,28,36.94
281.0,0.0,7,14.5
281.0,0.0,28,22.44
500.0,0.0,1,12.64
500.0,0.0,3,26.06
500.0,0.0,7,33.21
500.0,0.0,14,36.94
500.0,0.0,28,44.09
540.0,0.0,7,52.61
540.0,0.0,14,59.76
540.0,0.0,28,67.31
540.0,0.0,90,69.66
540.0,0.0,180,71.62
540.0,0.0,270,74.17
350.0,0.0,7,18.13
350.0,0.0,14,22.53
350.0,0.0,28,27.34
350.0,0.0,56,29.98
350.0,0.0,90,31.35
350.0,0.0,180,32.72
385.0,0.0,1,6.27
385.0,0.0,3,14.7
385.0,0.0,7,23.22
385.0,0.0,14,27.92
385.0,0.0,28,31.35
331.0,0.0,180,39.0
331.0,0.0,360,41.24
349.0,0.0,3,14.99
331.0,0.0,3,13.52
382.0,0.0,7,24.0
382.0,0.0,28,37.42
382.0,0.0,7,11.47
281.0,0.0,28,22.44
339.0,0.0,7,21.16
339.0,0.0,28,31.84
295.0,0.0,7,14.8
295.0,0.0,28,25.18
238.0,0.0,28,17.54
296.0,0.0,7,14.2
296.0,0.0,28,21.65
296.0,0.0,90,29.39
331.0,0.0,3,13.52
331.0,0.0,7,16.26
331.0,0.0,28,31.45
331.0,0.0,90,37.23
349.0,0.0,7,18.13
349.0,0.0,28,32.72
349.0,0.0,90,39.49
349.0,0.0,180,41.05
349.0,0.0,360,42.13
302.0,0.0,14,18.13
302.0,0.0,180,26.74
525.0,0.0,180,61.92
500.0,0.0,90,47.22
500.0,0.0,180,51.04
500.0,0.0,270,55.16
540.0,0.0,3,41.64
252.0,0.0,7,13.71
252.0,0.0,28,19.69
339.0,0.0,28,31.65
393.0,0.0,3,19.11
393.0,0.0,28,39.58
393.0,0.0,90,48.79
382.0,0.0,7,24.0
382.0,0.0,28,37.42
252.0,0.0,7,11.47
310.0,0.0,7,14.99
310.0,0.0,28,27.92
310.0,0.0,90,34.68
310.0,0.0,180,37.33
310.0,0.0,360,38.11
525.0,0.0,3,33.8
525.0,0.0,7,42.42
525.0,0.0,14,48.4
525.0,0.0,28,55.94
525.0,0.0,90,58.78
525.0,0.0,270,67.11
322.0,0.0,14,20.77
322.0,0.0,28,25.18
322.0,0.0,180,29.59
302.0,0.0,28,21.75
397.0,0.0,28,39.09
480.0,0.0,3,24.39
522.0,0.0,7,50.51
522.0,0.0,28,74.99
273.0,9.0,28,37.17
162.0,19.0,28,33.76
154.0,10.0,28,16.5
147.0,9.0,28,19.99
152.0,18.0,28,36.35
310.0,22.0,28,33.69
144.0,18.0,28,15.42
304.0,6.0,28,33.42
374.0,7.0,28,39.05
159.0,15.0,28,27.68
153.0,6.0,28,26.86
310.0,10.0,28,45.3
305.0,10.0,28,30.12
151.0,12.0,28,15.57
142.0,11.0,28,44.61
298.0,6.0,28,53.52
321.0,5.0,28,57.21
366.0,7.0,28,65.91
280.0,9.0,28,52.82
252.0,8.0,28,33.4
165.0,12.0,28,18.03
156.0,11.0,28,37.36
160.0,11.0,28,32.84
298.0,6.0,28,42.64
318.0,6.0,28,40.06
287.0,9.0,28,41.94
326.0,9.0,28,61.23
356.0,11.0,28,40.87
132.0,5.0,28,33.3
322.0,8.0,28,52.42
164.0,13.0,28,15.09
314.0,10.0,28,38.46
321.0,11.0,28,37.26
140.0,6.0,28,35.23
288.0,7.0,28,42.13
298.0,11.0,28,31.87
265.0,6.0,28,41.54
160.0,12.0,28,39.45
166.0,13.0,28,37.91
276.0,9.0,28,44.28
322.0,10.0,28,31.18
149.0,6.0,28,23.69
159.0,11.0,28,32.76
261.0,9.0,28,32.4
237.0,6.0,28,28.63
313.0,8.0,28,36.8
155.0,9.0,28,18.28
146.0,3.0,28,33.06
296.0,11.0,28,31.42
133.0,3.0,28,31.03
313.0,8.0,28,44.39
152.0,8.0,28,12.18
153.0,8.0,28,25.56
140.0,7.0,28,36.44
149.0,13.0,28,32.96
300.0,10.0,28,23.84
153.0,8.0,28,26.23
148.0,16.0,28,17.95
326.0,11.0,28,40.68
153.0,8.0,28,19.01
262.0,5.0,28,33.72
158.0,11.0,28,8.54
151.0,16.0,28,13.46
273.0,11.0,28,32.24
149.0,7.0,28,23.52
143.0,8.0,28,29.72
260.0,10.0,28,49.77
313.0,10.0,28,52.44
284.0,7.0,28,40.93
336.0,3.0,28,44.86
145.0,11.0,28,13.2
150.0,12.0,28,37.43
144.0,8.0,28,29.87
331.0,8.0,28,56.61
155.0,9.0,28,12.46
155.0,9.0,28,23.79
135.0,10.0,28,13.29
266.0,10.0,28,39.42
314.0,8.0,28,46.23
313.0,8.0,28,44.52
146.0,3.0,28,23.74
144.0,7.0,28,26.14
148.0,15.0,28,15.52
277.0,7.0,28,43.57
298.0,13.0,28,35.86
313.0,8.0,28,41.05
155.0,9.0,28,28.99
289.0,6.0,28,46.24
148.0,2.0,28,26.92
145.0,8.0,28,10.54
313.0,8.0,28,25.1
136.0,10.0,28,29.07
155.0,9.0,28,9.74
255.0,6.0,28,33.8
162.0,10.0,28,39.84
136.0,6.0,28,26.97
164.0,8.0,28,27.23
162.0,10.0,28,30.65
157.0,9.0,28,33.05
149.0,8.0,28,24.58
135.0,6.0,28,21.91
159.0,7.0,28,30.88
144.0,6.0,28,15.34
154.0,7.0,28,24.34
167.0,7.0,28,23.89
184.0,6.0,28,22.93
156.0,7.0,28,29.41
236.9,6.0,28,28.63
313.3,8.0,28,36.8
154.8,9.1,28,18.29
145.9,3.4,28,32.72
296.0,10.5,28,31.42
133.1,3.1,28,28.94
313.3,8.0,28,40.93
151.6,7.9,28,12.18
153.1,8.0,28,25.56
139.9,7.4,28,36.44
149.5,12.6,28,32.96
299.8,9.9,28,23.84
153.1,8.0,28,26.23
148.1,16.1,28,17.96
326.5,10.8,28,38.63
152.7,8.0,28,19.01
261.9,5.0,28,33.72
158.4,11.0,28,8.54
150.7,15.6,28,13.46
272.6,10.6,28,32.25
149.0,7.1,28,23.52
143.0,8.4,28,29.73
259.9,10.4,28,49.77
312.9,9.6,28,52.45
284.0,7.2,28,40.93
336.5,3.4,28,44.87
144.8,11.1,28,13.2
150.0,11.9,28,37.43
143.7,8.5,28,29.87
330.5,8.1,28,56.62
154.8,9.1,28,12.46
154.8,9.1,28,23.79
134.7,10.0,28,13.29
266.2,10.4,28,39.42
314.0,8.0,28,46.23
312.7,8.0,28,44.52
145.7,3.4,28,23.74
143.8,7.5,28,26.15
148.1,15.0,28,15.53
277.0,7.0,28,43.58
298.1,12.8,28,35.87
313.3,8.0,28,41.05
155.2,9.2,28,28.99
289.0,5.5,28,46.25
147.8,2.2,28,26.92
145.4,7.8,28,10.54
312.7,8.0,28,25.1
136.4,10.4,28,29.07
154.8,9.1,28,9.74
255.3,6.5,28,33.8
272.8,9.0,28,37.17
162.0,18.8,28,33.76
153.6,10.1,28,16.5
146.5,8.8,28,19.99
151.8,18.3,28,36.35
309.9,22.1,28,38.22
143.6,17.9,28,15.42
303.6,6.2,28,33.42
374.3,6.7,28,39.06
158.6,15.0,28,27.68
152.6,6.3,28,26.86
310.0,10.0,28,45.3
304.8,9.8,28,30.12
150.9,11.6,28,15.57
141.9,10.9,28,44.61
297.8,6.0,28,53.52
321.3,4.6,28,57.22
366.0,6.6,28,65.91
279.8,9.5,28,52.83
252.1,8.3,28,33.4
164.6,11.7,28,18.03
155.6,10.7,28,37.36
160.2,11.3,28,35.31
298.1,6.1,28,42.64
317.9,5.7,28,40.06
287.3,9.2,28,43.8
325.6,8.9,28,61.24
355.9,11.0,28,40.87
132.0,5.5,28,33.31
322.5,8.5,28,52.43
164.2,12.6,28,15.09
313.8,10.1,28,38.46
321.4,11.5,28,37.27
139.7,5.8,28,35.23
288.4,7.0,28,42.14
298.2,11.1,28,31.88
264.5,5.9,28,41.54
159.8,12.2,28,39.46
166.0,12.7,28,37.92
276.4,8.9,28,44.28
322.2,10.4,28,31.18
148.5,6.1,28,23.7
159.1,11.3,28,32.77
260.9,8.6,28,32.4
